user_id,article_id,description
51,1,good
21,2,Suspendisse potenti. Nullam porttitor lacus at turpis.
5,3,Pellentesque viverra pede ac diam. Cras pellentesque volutpat dui.
6,4,In congue. Etiam justo.
48,5,need to inprove
37,6,"Morbi vestibulum, velit id pretium iaculis, diam erat fermentum justo, nec condimentum neque sapien placerat ante. Nulla justo."
42,7,Etiam vel augue. Vestibulum rutrum rutrum neque. Aenean auctor gravida sem.
45,8,Donec posuere metus vitae ipsum. Aliquam non mauris.
45,9,Integer ac leo. Pellentesque ultrices mattis odio.
3,10,bad article
36,11,"Fusce lacus purus, aliquet at, feugiat non, pretium quis, lectus. Suspendisse potenti. In eleifend quam a odio."
26,12,"Vestibulum ante ipsum primis in faucibus orci luctus et ultrices posuere cubilia Curae; Donec pharetra, magna vestibulum aliquet ultrices, erat tortor sollicitudin mi, sit amet lobortis sapien sapien non mi."
24,13,In congue. Etiam justo.
59,14,"Quisque arcu libero, rutrum ac, lobortis vel, dapibus at, diam. Nam tristique tortor eu pede."
21,15,add some inages
41,16,Curabitur convallis. Duis consequat dui nec nisi volutpat eleifend.
3,17,Mauris lacinia sapien quis libero.
1,18,Duis aliquam convallis nunc. Proin at turpis a pede posuere nonummy.
41,19,Nullam porttitor lacus at turpis. Donec posuere metus vitae ipsum. Aliquam non mauris.
21,20,Morbi ut odio.
25,21,Duis mattis egestas metus. Aenean fermentum.
29,22,Aliquam erat volutpat.
54,23,Cras non velit nec nisi vulputate nonummy.
10,24,best article ever
42,25,Aliquam non mauris. Morbi non lectus.
63,26,"Nunc rhoncus dui vel sem. Sed sagittis. Nam congue, risus semper porta volutpat, quam pede lobortis ligula, sit amet eleifend pede libero quis orci."
7,27,Morbi porttitor lorem id ligula. Suspendisse ornare consequat lectus.
43,28,Pellentesque at nulla. Suspendisse potenti. Cras in purus eu magna vulputate luctus.
49,29,Nullam porttitor lacus at turpis. Donec posuere metus vitae ipsum. Aliquam non mauris.
38,30,Maecenas tincidunt lacus at velit. Vivamus vel nulla eget eros elementum pellentesque.
42,31,Maecenas pulvinar lobortis est. Phasellus sit amet erat.
59,32,Nam nulla.
46,33,good
58,34,Aliquam erat volutpat. In congue.
26,35,Mauris lacinia sapien quis libero. Nullam sit amet turpis elementum ligula vehicula consequat. Morbi a ipsum.
60,36,"Maecenas tristique, est et tempus semper, est quam pharetra magna, ac consequat metus sapien ut nunc."
50,37,"Duis ac nibh. Fusce lacus purus, aliquet at, feugiat non, pretium quis, lectus. Suspendisse potenti."
59,38,"In tempor, turpis nec euismod scelerisque, quam turpis adipiscing lorem, vitae mattis nibh ligula nec sem. Duis aliquam convallis nunc. Proin at turpis a pede posuere nonummy."
8,39,"Proin interdum mauris non ligula pellentesque ultrices. Phasellus id sapien in sapien iaculis congue. Vivamus metus arcu, adipiscing molestie, hendrerit at, vulputate vitae, nisl."
49,40,very bad writing
39,41,Duis bibendum. Morbi non quam nec dui luctus rutrum.
1,42,"Donec ut mauris eget massa tempor convallis. Nulla neque libero, convallis eget, eleifend luctus, ultricies eu, nibh."
64,43,In hac habitasse platea dictumst.
60,44,"Maecenas leo odio, condimentum id, luctus nec, molestie sed, justo. Pellentesque viverra pede ac diam."
38,45,Mauris lacinia sapien quis libero.
25,46,Nulla suscipit ligula in lacus.
42,47,Vivamus in felis eu sapien cursus vestibulum.
35,48,Sed accumsan felis.
50,49,Duis at velit eu est congue elementum.
27,50,In quis justo. Maecenas rhoncus aliquam lacus. Morbi quis tortor id nulla ultrices aliquet.
70,50,write next article
62,48,"Vivamus metus arcu, adipiscing molestie, hendrerit at, vulputate vitae, nisl. Aenean lectus."
54,40,In hac habitasse platea dictumst. Maecenas ut massa quis augue luctus tincidunt.
53,23,"Morbi ut odio. Cras mi pede, malesuada in, imperdiet et, commodo vulputate, justo. In blandit ultrices enim."
1,33,Proin interdum mauris non ligula pellentesque ultrices. Phasellus id sapien in sapien iaculis congue.
64,23,"Cum sociis natoque penatibus et magnis dis parturient montes, nascetur ridiculus mus. Vivamus vestibulum sagittis sapien."
15,21,"Morbi vestibulum, velit id pretium iaculis, diam erat fermentum justo, nec condimentum neque sapien placerat ante."
20,50,Duis at velit eu est congue elementum.
37,49,worst article ever
46,46,"Quisque erat eros, viverra eget, congue eget, semper rutrum, nulla. Nunc purus."